protein_id,compound_name,affinity_kcal_mol,pchembl,hbond_residues,contact_residues
ANDR_HUMAN,Testosterone*,-6.30,native,,PRO905;PHE879;PRO14;ARG13;TYR11;VAL10;ARG9
ANDR_HUMAN,Estriol,-6.63,9.32,,SER909;PRO905;SER901;PHE879;PRO14;TYR11
ANDR_HUMAN,3-Hydroxyflavone,-5.84,4.63,,SER909;PRO905;SER901;PHE879;PRO14;TYR11;VAL10;ARG9
ANDR_HUMAN,Eugenol,-4.47,4.72,SER909,SER909;LYS906;PRO905;VAL902;PHE879;PRO14;TYR11
ESR1_HUMAN,Estradiol*,-8.16,native,ARG394,LEU525;HIS524;GLY521;ILE424;MET421;LEU391;MET388;LEU387;LEU384;GLU353;ALA350;LEU346
ESR1_HUMAN,Oestrone,-9.45,9.15,HIS524,LEU525;HIS524;GLY521;ILE424;MET421;PHE404;LEU391;MET388;LEU384;GLU353;LEU349;LEU346
ESR1_HUMAN,Equol,-8.35,5.23,,LEU525;HIS524;GLY521;ILE424;MET421;PHE404;LEU391;LEU387;LEU384;GLU353;ALA350;LEU346
ESR1_HUMAN,Estriol,-8.16,9.32,ARG394;GLU353,LEU525;LEU428;PHE425;ILE424;MET421;PHE404;ARG394;LEU391;MET388;LEU384;GLU353;LEU349;LEU346
ESR1_HUMAN,Chrysin,-8.03,5.90,LEU387;LEU346,HIS524;GLY521;ILE424;MET421;PHE404;LEU391;MET388;LEU387;GLU353;LEU349;LEU346
ESR1_HUMAN,Daidzein,-7.48,5.75,HIS524;GLY521;ARG394,LEU525;HIS524;GLY521;ILE424;PHE404;ARG394;LEU391;GLU353;LEU349;LEU346
ESR1_HUMAN,Genistein,-7.41,7.32,ARG394;LEU387;GLU353;LEU346,HIS524;LEU428;PHE425;ILE424;MET421;PHE404;LEU391;MET388;LEU387;GLU353;ALA350;LEU346
ESR1_HUMAN,Glabranin,-7.33,7.24,LEU387;GLU353,LEU540;LEU525;HIS524;LEU428;PHE425;ILE424;MET421;PHE404;LEU391;MET388;LEU387;GLU353;ALA350;LEU349;THR347;LEU346;MET343
ESR1_HUMAN,Apigenin,-7.13,5.90,LEU387;LEU346,HIS524;PHE425;ILE424;MET421;PHE404;LEU391;MET388;LEU387;GLU353;ALA350;LEU349;LEU346
ESR1_HUMAN,Butylparaben,-6.17,5.85,GLU353,LEU525;LEU428;PHE425;ILE424;MET421;PHE404;MET388;LEU387;LEU384;GLU353;ALA350;LEU349;LEU346
ESR1_HUMAN,alpha-Zearalenol,-6.03,5.04,ARG394;LEU387;GLU353;LEU346,LEU525;GLY521;LEU428;ILE424;MET421;PHE404;ARG394;LEU391;MET388;LEU387;GLU353;ALA350;LEU349;LEU346;MET343
ESR1_HUMAN,Isoglabranin,-2.39,6.40,,LEU525;HIS524;GLY521;ILE424;MET421;PHE404;ARG394;LEU391;MET388;LEU387;LEU384;GLU353;ALA350;LEU349;LEU346
HIF1A_HUMAN,1,4-DPCA*,-6.21,native,,TYR565;PHE540;THR327;TYR325;ILE324;SER231;HIS229
HIF1A_HUMAN,Estradiol,-7.39,5.80,TYR565;SER330,TYR565;SER330;TYR325;HIS229;SER177
HIF1A_HUMAN,Hesperetin,-6.28,5.30,SER231,TYR565;ALA563;PHE540;SER330;THR327;ASN326;TYR325;SER231;HIS229
HIF1A_HUMAN,L-Tryptophan,-6.04,4.90,TYR325,LEU562;PRO332;TYR325;VAL323;PHE295;LEU248
HIF1A_HUMAN,Piperlongumine,-5.97,5.00,,TYR565;TYR325;ASN232;HIS229;THR188;SER177;THR176;LEU175;CYS173
HIF1A_HUMAN,Furaltadone,-5.46,5.20,SER330,TYR565;PHE540;SER330;THR327;TYR325;ILE324;HIS229
HIF1A_HUMAN,Adenosine,-5.22,5.60,TYR565;GLN299;HIS229;ILE227,TYR565;GLN299;ASN232;HIS229;ILE227;LYS190;THR188;SER177;THR176;LEU175
HIF1A_HUMAN,L-Glutamine,-4.05,5.00,TYR565;THR188,TYR565;HIS229;PRO228;ILE227;LYS190;LEU175
NFKB1_HUMAN,Parthenolide*,-4.42,native,,GLU761;TRP760;THR145;GLU62;CYS61;TYR59
NFKB1_HUMAN,Withanolide,-7.66,7.44,LEU756,TRP760;ASP757;LEU756;PHE309;LYS274;SER248;LYS243;SER242
NFKB1_HUMAN,Gibberellin_A3,-6.17,6.67,ASP757;SER242,ASP757;PHE309;LYS274;ASP273;ASN249;SER248;LYS243;SER242;ARG56
NFKB1_HUMAN,Homobutein,-5.98,4.42,ASP758;ASP241,GLU761;TRP760;ASP758;ASP757;ALA244;LYS243;ASP241;GLU62;TYR59
NFKB1_HUMAN,Isoliquiritigenin,-5.97,5.50,,GLU761;TRP760;LYS243;THR145;GLU62;CYS61;TYR59;ARG56
NFKB1_HUMAN,Biochanin_A,-5.66,5.76,,GLU761;TRP760;LYS243;THR145;CYS61;TYR59;ARG56
NFKB1_HUMAN,Prunetin,-5.56,5.76,,GLU761;TRP760;LYS243;THR145;CYS61;TYR59;ARG56
NFKB1_HUMAN,2-Hydroxycinnamic_acid,-4.93,5.38,TRP760,GLU761;TRP760;ASP757;LYS243;THR145;CYS61;TYR59
NFKB1_HUMAN,Tryptamine,-4.80,4.90,TYR59,GLU761;TRP760;ASP757;LYS243;GLU62;TYR59
NFKB1_HUMAN,Agmatine,-4.32,6.45,ILE141;GLY63;ARG56,LEU142;ILE141;GLY140;VAL114;HIS66;PRO64;GLY63;ARG58;PHE55
NFKB1_HUMAN,5-Aminopentanoic_acid,-3.99,5.05,ILE141;GLY63;ARG56,LEU142;ILE141;GLY140;VAL114;GLY67;HIS66;PRO64;GLY63;ARG58;ARG56;PHE55
